id;task_name;creation_date;planned_completion_date;status;priority;body
1;than eke;2025-03-20;2025-03-20;DONE;LOW;ah good enormously
2;which availability;2025-03-20;2025-03-19;IN_PROGRESS;HIGH;focused ick bus
3;drat silt so;2025-03-19;2025-03-20;DONE;LOW;gah and
4;psst;2025-03-20;2025-03-19;DONE;MEDIUM;amongst
5;boo rural pish;2025-03-20;2025-03-20;DONE;LOW;gadzooks moment
6;despite;2025-03-19;2025-03-20;IN_PROGRESS;HIGH;than brief bleakly
7;from what underplay;2025-03-19;2025-03-19;IN_PROGRESS;CRITICAL;safely
8;but supposing gurn;2025-03-20;2025-03-19;DONE;CRITICAL;officially but past
9;ha pilot ick;2025-03-19;2025-03-19;IN_PROGRESS;LOW;rim suddenly
10;finally lest;2025-03-19;2025-03-19;DONE;HIGH;terribly ah elegantly
