id;training_name;last_training_date;validity_period;next_training_date
1;tennis aboard;2025-03-20;21426;2025-03-20
2;foolishly since;2025-03-20;15568;2025-03-20
3;salty biodegradable oxidise;2025-03-19;15053;2025-03-19
4;since slowly;2025-03-20;19517;2025-03-19
5;even;2025-03-19;32035;2025-03-20
6;excepting lest;2025-03-19;24058;2025-03-20
7;except huzzah;2025-03-19;3834;2025-03-20
8;oof;2025-03-20;32038;2025-03-20
9;graduate mortar nor;2025-03-20;19740;2025-03-19
10;qua fondly;2025-03-19;29624;2025-03-19
